{
 "k_base": [
  1.2302444736648204,
  0.0022007064279531046
 ],
 "boron_pcm_per_ppm": -8.780670405779361,
 "ftc_pcm_per_K": -1.4682904533961214,
 "mtc_pcm_per_K": -18.022701880188137
}