{
 "worth_curve": [
  [
   0.0,
   0.0
  ],
  [
   0.1,
   -126.70453572885079
  ],
  [
   0.2,
   -385.5691766291322
  ],
  [
   0.3,
   -347.97538589313706
  ],
  [
   0.4,
   -711.3071282448169
  ],
  [
   0.5,
   -1231.2394697791226
  ],
  [
   0.6,
   -1809.3975406646937
  ],
  [
   0.7,
   -3076.7336388491312
  ],
  [
   0.8,
   -5832.475362206568
  ],
  [
   0.9,
   -15572.296894925003
  ],
  [
   1.0,
   -45097.57912632623
  ]
 ],
 "axial": {
  "0.0": [
   0.2676063703464564,
   0.5410028170872365,
   0.7978991590496772,
   1.0475920544788162,
   1.2121753860009807,
   1.2946020928613209,
   1.4001590411521356,
   1.4594560518450754,
   1.4917015498207262,
   1.4335309656608548,
   1.2673748279387096,
   1.0871571320880913,
   0.8546366748371739,
   0.577511227497217,
   0.2675946493355285
  ],
  "0.1": [
   0.37604134706572345,
   0.7747732767615974,
   1.0539896006644598,
   1.276256102619854,
   1.4356379686468719,
   1.5516885428704292,
   1.5818260203950536,
   1.5224042662207244,
   1.4025043281979288,
   1.3003709593970767,
   1.1412470036555697,
   0.8744106155648891,
   0.544842431964584,
   0.15348800859912112,
   0.01051952737611665
  ],
  "0.2": [
   0.4393335143181717,
   0.9063097525815815,
   1.252311030920196,
   1.5216035245582495,
   1.7005294648072118,
   1.767667128039616,
   1.7074742024271947,
   1.6517287484261314,
   1.493260547716464,
   1.1926124501271615,
   0.8718972754098919,
   0.4409320232294153,
   0.04911869061567687,
   0.004831321545256125,
   0.00039032527778203524
  ],
  "0.3": [
   0.5117438770934738,
   1.0199437262343203,
   1.4340939816057992,
   1.791673298135853,
   2.0466982557345683,
   2.080693235895949,
   1.9550147935987663,
   1.741962731213135,
   1.3142566932772317,
   0.8379704831750387,
   0.24663414319365162,
   0.01725629529659494,
   0.0019265263923223782,
   0.00013195915329706874,
   0.0
  ],
  "0.4": [
   0.6388868047669997,
   1.2671492796812998,
   1.8648869642703558,
   2.276640948875892,
   2.3848101762313716,
   2.3242490120114754,
   1.981437736603308,
   1.447428692345647,
   0.7205129291142908,
   0.08484546916699272,
   0.008284037041703851,
   0.0007797193902399426,
   8.823050042364997e-05,
   0.0,
   0.0
  ],
  "0.5": [
   0.9443638741843059,
   1.8299961860070577,
   2.413944930995521,
   2.6696146609895868,
   2.6908779636030284,
   2.3424720785934867,
   1.5856199634225288,
   0.48378127099619656,
   0.035405696154347806,
   0.0037508092929088048,
   0.00010006339949118568,
   7.079729068272624e-05,
   1.7050708580996756e-06,
   0.0,
   0.0
  ],
  "0.6": [
   1.3096045015559443,
   2.5587750105850406,
   3.2567082460486554,
   3.38640306716378,
   2.7962926905462964,
   1.4988337690168563,
   0.17447918768391357,
   0.017272484434413787,
   0.0015204803389684705,
   0.00010733372291020431,
   3.228903220368835e-06,
   0.0,
   0.0,
   0.0,
   0.0
  ],
  "0.7": [
   2.201896488414767,
   3.886314791867877,
   4.332323144053837,
   3.41718598858296,
   1.0726353086577713,
   0.08065003909029123,
   0.008242399716823246,
   0.0006828870776029234,
   6.8952538069138e-05,
   0.0,
   0.0,
   0.0,
   0.0,
   0.0,
   0.0
  ],
  "0.8": [
   4.0720754206997425,
   6.129874681351476,
   4.194626183003619,
   0.5391645243907253,
   0.05708461989570814,
   0.006853939276474742,
   0.0002623987466407146,
   5.823263561539112e-05,
   0.0,
   0.0,
   0.0,
   0.0,
   0.0,
   0.0,
   0.0
  ],
  "0.9": [
   9.259933168326976,
   5.150261837465613,
   0.5119468461320592,
   0.06776906877227419,
   0.008737646411653048,
   0.0013037218148357977,
   4.7711076587141534e-05,
   0.0,
   0.0,
   0.0,
   0.0,
   0.0,
   0.0,
   0.0,
   0.0
  ],
  "1.0": [
   0.20806197289734946,
   0.40679627399454216,
   0.6052456911021148,
   0.798284017904598,
   1.0388195604703139,
   1.337455180799467,
   1.6003465646921717,
   1.7155331296767218,
   1.6468500114310636,
   1.4853286211164054,
   1.2537492384113131,
   1.0638615295251168,
   0.8828393143260856,
   0.6486166518319936,
   0.30821224182074164
  ]
 }
}